spatial id,temporal id,model name,real,class 0,class 1
1,669+1,glm,,0.2000251966785518,0.7999748033214482
2,669+1,glm,,0.22033697870623614,0.7796630212937639
3,669+1,glm,,0.4349645511644633,0.5650354488355367
4,669+1,glm,,0.30584114234786175,0.6941588576521383
5,669+1,glm,,0.2043894977086279,0.7956105022913721
6,669+1,glm,,0.11492842116403301,0.885071578835967
7,669+1,glm,,0.8336316375455939,0.1663683624544061
8,669+1,glm,,0.7110918430560353,0.2889081569439647
9,669+1,glm,,0.636401965743043,0.363598034256957
