spatial id,temporal id,model name,real,class 0,class 1
1,669+1,knn,,0.18888888888888888,0.8111111111111111
2,669+1,knn,,0.2222222222222222,0.7777777777777778
3,669+1,knn,,0.45555555555555555,0.5444444444444444
4,669+1,knn,,0.3055555555555556,0.6944444444444444
5,669+1,knn,,0.26666666666666666,0.7333333333333333
6,669+1,knn,,0.12222222222222222,0.8777777777777778
7,669+1,knn,,0.8333333333333334,0.16666666666666666
8,669+1,knn,,0.6944444444444444,0.3055555555555556
9,669+1,knn,,0.5888888888888889,0.4111111111111111
